{
  "packageId": "package",
  "version": 1,
  "items": [
    {
      "packageId": "package",
      "version": 1,
      "remoteUrl": "http://192.168.1.7:3000/index-DH_xFMlK.js",
      "path": "index-DH_xFMlK.js",
      "mimeType": "application/javascript"
    },
    {
      "packageId": "package",
      "version": 1,
      "remoteUrl": "http://192.168.1.7:3000/index-DiwrgTda.css",
      "path": "index-DiwrgTda.css",
      "mimeType": "text/css"
    },
    {
      "packageId": "package",
      "version": 1,
      "remoteUrl": "http://192.168.1.7:3000/index.html",
      "path": "index.html",
      "mimeType": "text/html"
    },
    {
      "packageId": "package",
      "version": 1,
      "remoteUrl": "http://192.168.1.7:3000/vite.svg",
      "path": "vite.svg",
      "mimeType": "image/svg+xml"
    }
  ]
}